Workbook

Sheet Test Coverage
A1: Test ID | B1: Test Folder | C1: Category | D1: Test Description | E1: Precondition | F1: Test Steps | G1: Expected Result | H1: Automated | I1: Actual Result | J1: Status | K1: Tester | L1: Execution Date | M1: Notes / Defect ID
A2: TC-01 | B2: 01_file_generation | C2: File Generation | D2: Generated file has correct line count, header format, and footer format | E2: Script is present and executable; test directory is writable | F2: 1) Call generate_file 1000 2) Count total lines 3) Read line 1 4) Read last line and match regex FOOTERTEST[0-9]{8} | G2: 1002 lines total; line 1 = '1-HEADER-RECORD|DATE=2026-01-30|SRC=UNITTEST'; last line matches FOOTERTEST[0-9]{8} | H2: Yes | J2: Pending
A3: TC-02 | B3: 02_line_preview | C3: Line Preview | D3: Preview mode (-l --dry-run) shows the target line and surrounding context lines | E3: 1000-line file exists | F3: 1) Run: script -f <file> -l 500 --dry-run --yes 2) Inspect stdout for line-number markers | G3: Output contains '500 |', '499 |', and '501 |' | H3: Yes | J3: Pending
A4: TC-03 | B4: 03_line_delete | C4: Line Delete | D4: Single-line delete removes exactly one line, decrements the footer counter, and removes the correct content | E4: 1000-line file exists | F4: 1) Record line count 2) Run: script -f <file> -l 500 --yes --no-color 3) Count lines again 4) Read footer 5) Grep for ITEM-0499 | G4: Line count decreases by 1 (1002→1001); footer = FOOTERTEST00000999; ITEM-0499 not found | H4: Yes | J4: Pending
A5: TC-04 | B5: 04_protection | C5: Header/Footer Protection | D5: Attempting to delete the header (line 1) or the footer (last line) leaves the file unchanged | E5: 100-line file exists | F5: 1) Attempt to delete line 1 --yes 2) Verify line count matches before 3) Attempt to delete last line --yes 4) Verify line count still matches before | G5: File line count is identical before and after both deletion attempts | H5: Yes | J5: Pending
A6: TC-05 | B6: 05_keyword_search | C6: Keyword Search | D6: Keyword search (-w) in dry-run mode locates the correct line and shows a match preview | E6: 1000-line file exists | F6: 1) Run: script -f <file> -w ITEM-0420 --dry-run --yes --no-color 2) Check stdout | G6: Output contains 'ITEM-0420' and 'Matches' | H6: Yes | J6: Pending
A7: TC-06 | B7: 06_keyword_delete | C7: Keyword Delete | D7: Keyword delete removes all matching lines and keeps the footer in a valid format | E7: 1000-line file exists | F7: 1) Record line count 2) Run: script -w 'CAT=A' --yes --no-color 3) Count lines; read footer | G7: Line count decreases; footer still matches FOOTERTEST[0-9]{8} with updated number | H7: Yes | J7: Pending
A8: TC-07 | B8: 07_position_filter | C8: Position Filter | D8: Position filter (--pos) restricts keyword match results to the specified line range | E8: 1000-line file exists | F8: 1) Run: script -w ITEM --pos 10-20 -n 5 --dry-run --yes --no-color 2) Inspect output | G8: Output contains 'Matches' — hits are within lines 10–20 only | H8: Yes | J8: Pending
A9: TC-08 | B9: 08_replace_preview | C9: Replace | D9: Replace in dry-run mode shows Original lines, Replaced lines, and the replacement text in the preview | E9: Test log file with ERROR/INFO/WARN lines exists | F9: 1) Run: script -w ERROR --replace-pos 1-8 --replace-txt RESOLVED --dry-run --yes --no-color 2) Inspect stdout | G9: Output contains 'Original', 'Replaced', and 'RESOLVED' | H9: Yes | J9: Pending
A10: TC-09 | B10: 09_replace_text | C10: Replace | D10: Replace operation keeps line count unchanged, writes replacement text, and removes original matched text | E10: Test log file exists | F10: 1) Record line count 2) Run replace without --dry-run 3) Count lines; grep for RESOLVED; grep for ERROR001 | G10: Line count unchanged; 'RESOLVED' present; 'ERROR001' absent | H10: Yes | J10: Pending
A11: TC-10 | B11: 10_replace_with_pos | C11: Replace | D11: Replace combined with --pos filter applies the replacement only within the specified line range | E11: Test log file exists | F11: 1) Run: script --pos 1-5 -w ERROR --replace-pos 1-8 --replace-txt FIXED___ --yes 2) Grep for FIXED___ | G11: File contains 'FIXED___' | H11: Yes | J11: Pending
A12: TC-11 | B12: 11_replace_tracking | C12: Replace | D12: A _modified_ tracking file is created after replace and contains the original matched lines | E12: Test log file exists; no prior _modified_ files | F12: 1) Run replace command 2) ls for *_modified_* files 3) Grep 'ERROR001' inside _modified_ file | G12: _modified_ file exists; it contains 'ERROR001' | H12: Yes | J12: Pending
A13: TC-12 | B13: 12_backup_creation | C13: Backup | D13: First delete operation creates a backup file containing the original unmodified content | E13: Clean 100-line file; no existing backup | F13: 1) Delete line 50 --yes 2) Check for data.txt_backup 3) Count lines in backup | G13: data.txt_backup exists; backup has 102 lines | H13: Yes | J13: Pending
... A28: TC-27 | B28: 27_complex_workflow | C28: Complex Workflow | D28: Full end-to-end workflow: delete by keyword → replace text → verify intermediate state → rollback → verify exact restore | E28: Test log file exists; no prior backup or _modified_ files | F28: 1) Delete all INFO lines 2) Replace ERROR→RESOLVED 3) Assert: INFO absent, RESOLVED present, backup+_modified_ exist 4) Run --rollback --yes 5) Assert output contains 'Restored from backup' 6) Assert restored file is byte-for-byte identical to original | G28: All step 3 assertions pass; rollback output contains 'Restored from backup'; restored content exactly matches original | H28: Yes | J28: Pending

Sheet Summary
A1: Test Coverage Report — Line Delete Script
A3: Project | B3: Line Delete Script
A4: Version | B4: v1.0
A5: Date
A6: Prepared by
A7: Total TCs | B7: =COUNTA('Test Coverage'!A2:A9999)
A10: Status | B10: Count | C10: % of Total
A11: Pass | B11: =COUNTIF('Test Coverage'!J:J,"Pass") | C11: =IF(COUNTA('Test Coverage'!A2:A9999)=0,0,B11/COUNTA('Test Coverage'!A2:A9999))
A12: Fail | B12: =COUNTIF('Test Coverage'!J:J,"Fail") | C12: =IF(COUNTA('Test Coverage'!A2:A9999)=0,0,B12/COUNTA('Test Coverage'!A2:A9999))
A13: Pending | B13: =COUNTIF('Test Coverage'!J:J,"Pending") | C13: =IF(COUNTA('Test Coverage'!A2:A9999)=0,0,B13/COUNTA('Test Coverage'!A2:A9999))
A14: N/A | B14: =COUNTIF('Test Coverage'!J:J,"N/A") | C14: =IF(COUNTA('Test Coverage'!A2:A9999)=0,0,B14/COUNTA('Test Coverage'!A2:A9999))
A17: Category | B17: Total | C17: Pass | D17: Fail | E17: Pending
A18: File Generation | B18: =COUNTIF('Test Coverage'!C:C,"File Generation") | C18: =COUNTIFS('Test Coverage'!C:C,"File Generation",'Test Coverage'!J:J,"Pass") | D18: =COUNTIFS('Test Coverage'!C:C,"File Generation",'Test Coverage'!J:J,"Fail") | E18: =COUNTIFS('Test Coverage'!C:C,"File Generation",'Test Coverage'!J:J,"Pending")
A19: Line Preview | B19: =COUNTIF('Test Coverage'!C:C,"Line Preview") | C19: =COUNTIFS('Test Coverage'!C:C,"Line Preview",'Test Coverage'!J:J,"Pass") | D19: =COUNTIFS('Test Coverage'!C:C,"Line Preview",'Test Coverage'!J:J,"Fail") | E19: =COUNTIFS('Test Coverage'!C:C,"Line Preview",'Test Coverage'!J:J,"Pending")
A20: Line Delete | B20: =COUNTIF('Test Coverage'!C:C,"Line Delete") | C20: =COUNTIFS('Test Coverage'!C:C,"Line Delete",'Test Coverage'!J:J,"Pass") | D20: =COUNTIFS('Test Coverage'!C:C,"Line Delete",'Test Coverage'!J:J,"Fail") | E20: =COUNTIFS('Test Coverage'!C:C,"Line Delete",'Test Coverage'!J:J,"Pending")
A21: Header/Footer Protection | B21: =COUNTIF('Test Coverage'!C:C,"Header/Footer Protection") | C21: =COUNTIFS('Test Coverage'!C:C,"Header/Footer Protection",'Test Coverage'!J:J,"Pass") | D21: =COUNTIFS('Test Coverage'!C:C,"Header/Footer Protection",'Test Coverage'!J:J,"Fail") | E21: =COUNTIFS('Test Coverage'!C:C,"Header/Footer Protection",'Test Coverage'!J:J,"Pending")
A22: Keyword Search | B22: =COUNTIF('Test Coverage'!C:C,"Keyword Search") | C22: =COUNTIFS('Test Coverage'!C:C,"Keyword Search",'Test Coverage'!J:J,"Pass") | D22: =COUNTIFS('Test Coverage'!C:C,"Keyword Search",'Test Coverage'!J:J,"Fail") | E22: =COUNTIFS('Test Coverage'!C:C,"Keyword Search",'Test Coverage'!J:J,"Pending")
A23: Keyword Delete | B23: =COUNTIF('Test Coverage'!C:C,"Keyword Delete") | C23: =COUNTIFS('Test Coverage'!C:C,"Keyword Delete",'Test Coverage'!J:J,"Pass") | D23: =COUNTIFS('Test Coverage'!C:C,"Keyword Delete",'Test Coverage'!J:J,"Fail") | E23: =COUNTIFS('Test Coverage'!C:C,"Keyword Delete",'Test Coverage'!J:J,"Pending")
A24: Position Filter | B24: =COUNTIF('Test Coverage'!C:C,"Position Filter") | C24: =COUNTIFS('Test Coverage'!C:C,"Position Filter",'Test Coverage'!J:J,"Pass") | D24: =COUNTIFS('Test Coverage'!C:C,"Position Filter",'Test Coverage'!J:J,"Fail") | E24: =COUNTIFS('Test Coverage'!C:C,"Position Filter",'Test Coverage'!J:J,"Pending")
A25: Replace | B25: =COUNTIF('Test Coverage'!C:C,"Replace") | C25: =COUNTIFS('Test Coverage'!C:C,"Replace",'Test Coverage'!J:J,"Pass") | D25: =COUNTIFS('Test Coverage'!C:C,"Replace",'Test Coverage'!J:J,"Fail") | E25: =COUNTIFS('Test Coverage'!C:C,"Replace",'Test Coverage'!J:J,"Pending")
A26: Backup | B26: =COUNTIF('Test Coverage'!C:C,"Backup") | C26: =COUNTIFS('Test Coverage'!C:C,"Backup",'Test Coverage'!J:J,"Pass") | D26: =COUNTIFS('Test Coverage'!C:C,"Backup",'Test Coverage'!J:J,"Fail") | E26: =COUNTIFS('Test Coverage'!C:C,"Backup",'Test Coverage'!J:J,"Pending")
A27: Rollback | B27: =COUNTIF('Test Coverage'!C:C,"Rollback") | C27: =COUNTIFS('Test Coverage'!C:C,"Rollback",'Test Coverage'!J:J,"Pass") | D27: =COUNTIFS('Test Coverage'!C:C,"Rollback",'Test Coverage'!J:J,"Fail") | E27: =COUNTIFS('Test Coverage'!C:C,"Rollback",'Test Coverage'!J:J,"Pending")
A28: Regex | B28: =COUNTIF('Test Coverage'!C:C,"Regex") | C28: =COUNTIFS('Test Coverage'!C:C,"Regex",'Test Coverage'!J:J,"Pass") | D28: =COUNTIFS('Test Coverage'!C:C,"Regex",'Test Coverage'!J:J,"Fail") | E28: =COUNTIFS('Test Coverage'!C:C,"Regex",'Test Coverage'!J:J,"Pending")
A29: Advanced | B29: =COUNTIF('Test Coverage'!C:C,"Advanced") | C29: =COUNTIFS('Test Coverage'!C:C,"Advanced",'Test Coverage'!J:J,"Pass") | D29: =COUNTIFS('Test Coverage'!C:C,"Advanced",'Test Coverage'!J:J,"Fail") | E29: =COUNTIFS('Test Coverage'!C:C,"Advanced",'Test Coverage'!J:J,"Pending")
A30: Complex Workflow | B30: =COUNTIF('Test Coverage'!C:C,"Complex Workflow") | C30: =COUNTIFS('Test Coverage'!C:C,"Complex Workflow",'Test Coverage'!J:J,"Pass") | D30: =COUNTIFS('Test Coverage'!C:C,"Complex Workflow",'Test Coverage'!J:J,"Fail") | E30: =COUNTIFS('Test Coverage'!C:C,"Complex Workflow",'Test Coverage'!J:J,"Pending")

Sheet Legend
A1: Legend & Field Guide
A2: Field | B2: Description | C2: Notes
A3: Test ID | B3: Unique identifier — aligns with test function number | C3: e.g. TC-01
A4: Test Folder | B4: Subfolder created under test_suite/ for this case | C4: e.g. 01_file_generation
A5: Category | B5: Logical grouping of related tests
A6: Test Description | B6: One sentence summarising what is verified
A7: Precondition | B7: State required before the test can run
A8: Test Steps | B8: High-level execution steps
A9: Expected Result | B9: Observable outcome when script is correct
A10: Automated | B10: Yes = covered by test_suite.sh auto-run | C10: All currently Yes
A11: Actual Result | B11: What actually happened during execution | C11: Fill in after run
A12: Status | B12: Pass / Fail / Pending / N/A | C12: Update after run
A13: Tester | B13: Name of person who ran the test
A14: Execution Date | B14: Date test was run (YYYY-MM-DD)
A15: Notes / Defect ID | B15: Free text; paste defect tracker ID if Status = Fail
A17: Status colours
A18: Pass | B18: Test executed; expected result observed
A19: Fail | B19: Test executed; result does NOT match expected
A20: Pending | B20: Not yet executed | C20: Default
A21: N/A | B21: Not applicable for this build/scope
